ID,# of Task finished,1st,2nd,3rd,4st,5st,6st,7st,8st
123456789,2.0,90.0,90.0,,,,,,
111111111,7.0,39.0,49.0,39.0,50.159411475,49.0,49.0,,
2098723,,,,,,,,,
2095647,,,,,,,,,
2094321,1.0,101.30366175,,,,,,,
1234567,1,71.86802779099999,,,,,,,
